,Gender,Married,Dependents,Education,Self_Employed,ApplicantIncome,CoapplicantIncome,LoanAmount,Loan_Amount_Term,Credit_History,Property_Area,Loan_Status
0,Male,No,0,Graduate,No,0.0729313598487,-0.554035609239,0.0,0.279622559015,1.0,Urban,1
1,Male,Yes,1,Graduate,No,-0.134302453192,-0.0386999952629,-0.219094680858,0.279622559015,1.0,Rural,0
2,Male,Yes,0,Graduate,Yes,-0.39342656539,-0.554035609239,-0.956860842896,0.279622559015,1.0,Urban,1
3,Male,Yes,0,Not Graduate,No,-0.461686044093,0.25177432296,-0.314290314669,0.279622559015,1.0,Urban,1
4,Male,No,0,Graduate,No,0.0976488209617,-0.554035609239,-0.0644017759146,0.279622559015,1.0,Urban,1
5,Male,Yes,2,Graduate,Yes,0.00221650421397,0.879882319304,1.43492945661,0.279622559015,1.0,Urban,1
6,Male,Yes,0,Not Graduate,No,-0.502608992956,-0.0359661193267,-0.61177667033,0.279622559015,1.0,Urban,1
7,Male,Yes,5,Graduate,No,-0.387533660754,0.301667558795,0.137888945934,0.279622559015,0.0,Semiurban,0
8,Male,Yes,2,Graduate,No,-0.228752619167,-0.0325487744064,0.256883488199,0.279622559015,1.0,Urban,1
9,Male,Yes,1,Graduate,No,1.21746439364,3.19410829931,2.41068470318,0.279622559015,1.0,Semiurban,0
10,Male,Yes,2,Graduate,No,-0.3606882063,-0.31482146482,-0.90926302599,0.279622559015,1.0,Urban,1
11,Male,Yes,2,Graduate,No,-0.475272463116,0.0747558560899,-0.44518431116,0.279622559015,1.0,Urban,1
12,Male,Yes,2,Graduate,No,-0.381477064323,2.21606418313,0.637666023444,0.279622559015,1.0,Urban,1
13,Male,No,0,Graduate,No,-0.581181054772,0.416490348116,-0.385687040028,0.279622559015,1.0,Rural,0
14,Male,Yes,2,Graduate,No,-0.671866309452,-0.182911950898,-1.53993409999,-3.44867822785,1.0,Urban,1
15,Male,No,0,Graduate,No,-0.0742275642615,-0.554035609239,-0.254793043537,0.279622559015,1.0,Urban,1
16,Male,No,1,Not Graduate,No,-0.295866255302,-0.554035609239,-0.552279399198,-1.58452783442,0.0,Urban,1
17,Female,No,0,Graduate,No,-0.309943749711,-0.554035609239,-0.837866300632,0.279622559015,0.0,Urban,0
18,Male,Yes,0,Not Graduate,No,-0.0845401473749,-0.554035609239,-0.159597409726,0.279622559015,1.0,Rural,0
19,Male,Yes,0,Graduate,No,-0.458903283571,0.642035112854,-0.373787585801,0.0,1.0,Urban,1
20,Male,Yes,0,Not Graduate,No,0.36937720141,-0.554035609239,-0.504681582292,0.279622559015,0.0,Urban,0
21,Male,Yes,1,Graduate,No,0.0902826901665,1.36822090841,2.00610325948,0.279622559015,1.0,Urban,1
22,Male,Yes,0,Not Graduate,No,-0.458903283571,0.0990190050237,-0.361888131575,0.279622559015,0.0,Semiurban,0
23,Male,Yes,2,Not Graduate,No,-0.333679060051,0.101069411976,-0.409485948481,0.279622559015,0.0,Rural,0
24,Male,Yes,1,Graduate,No,-0.276059548052,0.445537779939,0.0545927663496,0.279622559015,0.0,Semiurban,0
25,Male,Yes,0,Graduate,Yes,0.680391612766,-0.554035609239,0.530570935406,0.279622559015,1.0,Semiurban,1
26,Male,Yes,0,Graduate,No,-0.426328616276,0.215892201297,-0.290491406216,0.279622559015,1.0,Semiurban,1
27,Male,Yes,2,Not Graduate,No,-0.192740424168,-0.198631737531,-0.433284856933,0.279622559015,1.0,Urban,1
28,Male,No,0,Not Graduate,No,-0.648458382703,-0.554035609239,-1.32574392391,0.279622559015,1.0,Urban,0
29,Female,No,2,Graduate,No,-0.270657718802,0.157797337652,-0.314290314669,0.279622559015,1.0,Semiurban,1
30,Male,Yes,1,Graduate,No,-0.202561931895,0.597267894398,0.64956547767,0.279622559015,0.0,Urban,0
31,Male,No,0,Graduate,No,-0.36609003555,-0.554035609239,-0.861665209084,0.279622559015,1.0,Urban,0
32,Male,No,1,Graduate,Yes,-0.116460047488,-0.554035609239,-0.480882673839,0.279622559015,1.0,Rural,0
33,Male,Yes,0,Graduate,No,-0.311580667665,0.0156357889693,-0.385687040028,0.279622559015,1.0,Semiurban,1
34,Male,No,5,Graduate,No,1.16164549139,0.471167866841,2.06560053061,0.279622559015,1.0,Rural,0
35,Male,Yes,0,Graduate,No,-0.512103117092,0.15232958578,0.0,0.279622559015,1.0,Urban,1
36,Male,Yes,0,Graduate,No,-0.585273349659,-0.0995287348436,-0.552279399198,0.0,0.0,Urban,0
37,Female,Yes,0,Graduate,No,-0.284244137825,-0.0554449853722,-0.0287034132353,0.279622559015,1.0,Semiurban,1
38,Male,No,0,Graduate,No,-0.202561931895,1.90987007827,0.447274755821,0.279622559015,1.0,Urban,1
39,Male,No,0,Not Graduate,No,-0.270985102393,0.0159775234613,-0.433284856933,0.279622559015,1.0,Semiurban,1
40,Male,No,0,Graduate,No,-0.29521148812,-0.554035609239,-0.790268483726,0.279622559015,1.0,Urban,0
41,Male,No,0,Graduate,No,-0.589856719931,-0.139511670411,-1.1829504732,0.279622559015,1.0,Urban,1
42,Male,Yes,0,Graduate,No,-0.491641642661,-0.554035609239,-0.849765754858,0.279622559015,0.0,Urban,1
43,Male,Yes,0,Graduate,No,-0.239392585871,0.244256164135,-0.147697955499,0.279622559015,1.0,Semiurban,1
44,Male,Yes,0,Not Graduate,Yes,-0.115968972101,-0.554035609239,-0.599877216103,0.0,1.0,Urban,1
45,Female,No,0,Graduate,No,-0.326312929256,-0.554035609239,-0.695072849915,0.0,1.0,Urban,1
46,Male,Yes,1,Graduate,No,0.0401930007585,-0.554035609239,-1.21864883588,0.279622559015,1.0,Urban,1
47,Male,Yes,0,Graduate,No,0.0683479895761,-0.554035609239,-0.0287034132353,0.279622559015,1.0,Urban,1
48,Female,Yes,0,Graduate,No,-0.451537152775,0.621531043332,-0.314290314669,0.279622559015,0.0,Urban,0
49,Female,No,0,Graduate,No,-0.22973476994,0.223410360121,-0.0287034132353,0.279622559015,1.0,Semiurban,1
50,Female,Yes,0,Not Graduate,No,-0.568904170114,0.00777589565268,-0.552279399198,0.279622559015,1.0,Semiurban,1
51,Female,No,0,Graduate,No,-0.379349070982,-0.554035609239,-0.314290314669,0.279622559015,1.0,Semiurban,1
52,Female,No,0,Graduate,No,-0.192085656986,-0.554035609239,-0.409485948481,0.279622559015,1.0,Semiurban,0
53,Male,Yes,2,Graduate,No,-0.128900623942,-0.554035609239,-0.147697955499,0.279622559015,1.0,Urban,0
54,Female,Yes,1,Graduate,Yes,0.997953695941,-0.554035609239,1.66101908692,0.279622559015,0.0,Urban,0
55,Male,Yes,2,Graduate,No,-0.441224569662,-0.155231457044,-0.587977761877,0.279622559015,1.0,Semiurban,1
56,Male,Yes,0,Graduate,No,-0.535511043842,-0.0103360324247,-0.599877216103,0.279622559015,1.0,Semiurban,1
57,Male,Yes,0,Graduate,No,-0.333515368255,0.197780273219,-0.135798501273,0.279622559015,1.0,Rural,0
58,Male,Yes,1,Graduate,No,0.438127755499,0.214866997821,0.399676938916,0.279622559015,1.0,Urban,1
59,Male,Yes,2,Not Graduate,No,-0.334988594415,0.422983303465,-0.0287034132353,0.279622559015,1.0,Urban,1
60,Male,Yes,0,Graduate,No,-0.475272463116,0.743188522494,-0.314290314669,0.279622559015,1.0,Urban,1
61,Male,Yes,5,Graduate,No,-0.388679503322,-0.554035609239,-0.564178853424,0.279622559015,1.0,Urban,1
62,Male,Yes,0,Not Graduate,Yes,-0.457430057412,0.62460665376,0.221185125519,-2.51660303114,0.0,Rural,0
63,Male,Yes,1,Graduate,No,-0.0750460232388,-0.554035609239,0.0,0.279622559015,0.0,Rural,0
64,Female,No,0,Graduate,No,-0.202561931895,-0.554035609239,-0.361888131575,0.279622559015,0.0,Semiurban,0
65,Male,Yes,0,Graduate,No,0.0527972690082,1.01623438162,1.32783436858,0.279622559015,1.0,Semiurban,0
66,Male,No,0,Not Graduate,No,-0.3606882063,0.216233935789,-0.242893589311,-2.51660303114,0.0,Urban,0
67,Male,Yes,1,Graduate,No,0.875184849353,-0.554035609239,1.9704048968,0.279622559015,1.0,Urban,1
68,Male,Yes,5,Not Graduate,Yes,0.277709795958,-0.554035609239,-0.254793043537,-4.38075342457,1.0,Urban,1
69,Female,No,0,Graduate,No,-0.180627231304,-0.554035609239,-0.123899047047,0.279622559015,0.0,Semiurban,0
70,Male,Yes,0,Graduate,No,-0.359378671937,0.493722343314,0.304481305104,0.279622559015,1.0,Urban,1
71,Male,Yes,2,Not Graduate,Yes,-0.577579835272,0.0867165633108,-0.587977761877,0.279622559015,1.0,Semiurban,1
72,Male,No,0,Graduate,No,-0.311580667665,-0.554035609239,-0.778369029499,-0.652452637702,1.0,Semiurban,1
73,Male,Yes,5,Not Graduate,No,-0.106147464374,-0.554035609239,-0.61177667033,0.0,0.0,Semiurban,0
74,Male,Yes,5,Graduate,Yes,-0.0225009568991,0.0522013796161,0.4829731185,0.279622559015,1.0,Semiurban,1
75,Male,No,0,Graduate,No,-0.270657718802,-0.554035609239,-0.397586494254,2.14377295245,1.0,Urban,0
76,Male,No,0,Graduate,No,-0.270657718802,1.06920322789,0.35207912201,0.279622559015,1.0,Urban,0
77,Male,Yes,1,Graduate,Yes,-0.720810156292,0.478686025665,-0.433284856933,0.279622559015,1.0,Urban,0
78,Male,Yes,5,Graduate,No,-0.36609003555,0.812902358867,0.399676938916,-0.652452637702,0.0,Semiurban,0
79,Male,Yes,5,Not Graduate,Yes,-0.338917197505,0.18616130049,-0.195295772405,0.279622559015,0.0,Semiurban,1
80,Female,No,0,Graduate,No,-0.254943306439,-0.554035609239,-0.421385402707,0.279622559015,1.0,Semiurban,1
81,Male,Yes,1,Graduate,Yes,-0.492460101638,-0.554035609239,0.0,0.279622559015,1.0,Semiurban,1
82,Female,Yes,2,Graduate,No,-0.658934657611,0.0887669702629,0.244984033972,0.279622559015,1.0,Urban,0
83,Male,Yes,0,Graduate,No,0.0976488209617,0.214866997821,1.41113054816,0.279622559015,0.0,Semiurban,0
84,Male,Yes,1,Graduate,No,-0.231699071485,-0.554035609239,-1.14725211052,-1.58452783442,1.0,Urban,1
85,Male,No,0,Graduate,No,-0.497207163706,0.31089439008,-0.123899047047,0.279622559015,1.0,Semiurban,1
86,Male,Yes,2,Not Graduate,No,-0.338917197505,0.129433374814,-0.564178853424,0.279622559015,0.0,Semiurban,1
87,Male,Yes,0,Graduate,No,-0.475272463116,0.169758044873,-0.504681582292,0.279622559015,1.0,Semiurban,1
88,Male,No,0,Graduate,No,0.517681968088,-0.554035609239,0.756660565708,0.279622559015,1.0,Urban,1
89,Male,Yes,0,Graduate,No,0.0477228233493,0.869972019035,0.340179667784,0.279622559015,1.0,Semiurban,1
90,Male,Yes,0,Graduate,No,-0.400301620799,0.436994417638,-0.183396318179,0.279622559015,1.0,Semiurban,1
91,Male,Yes,2,Graduate,No,0.138571769824,1.37813120868,0.494872572727,-2.51660303114,1.0,Semiurban,1
92,Male,Yes,2,Not Graduate,No,-0.348738705232,0.0679211662493,-0.778369029499,0.279622559015,1.0,Urban,1
93,Male,No,0,Graduate,No,-0.207963761145,-0.554035609239,-0.290491406216,0.279622559015,1.0,Semiurban,1
94,Male,No,0,Not Graduate,No,-0.291937652211,-0.554035609239,-1.44473846618,-3.44867822785,1.0,Semiurban,1
95,Male,No,0,Graduate,No,0.225655805004,-0.554035609239,0.0,0.279622559015,0.0,Urban,0
96,Female,Yes,0,Graduate,No,-0.477891531843,0.232637191406,-0.11199959282,0.279622559015,1.0,Semiurban,1
97,Male,Yes,0,Graduate,No,-0.560883272136,-0.213326320688,-1.14725211052,0.279622559015,1.0,Semiurban,1
98,Male,Yes,0,Not Graduate,No,-0.198960712395,-0.554035609239,-0.373787585801,-2.51660303114,1.0,Semiurban,1
99,Male,Yes,0,Graduate,No,-0.596568083545,0.656046227027,-0.183396318179,0.279622559015,1.0,Semiurban,1
100,Male,Yes,2,Not Graduate,No,-0.18259153285,0.561044038243,-0.159597409726,-2.51660303114,1.0,Urban,1
101,Male,No,0,Graduate,No,-0.0917425863747,0.746605867414,0.0545927663496,0.279622559015,1.0,Semiurban,1
102,Male,Yes,0,Graduate,No,1.34989105616,-0.554035609239,0.0,0.279622559015,1.0,Urban,1
103,Male,Yes,0,Graduate,No,-0.123007719306,0.670399075692,0.0,0.279622559015,1.0,Semiurban,1
104,Male,No,0,Graduate,No,-0.259854060303,-0.296367802251,0.161687854387,0.279622559015,1.0,Urban,1
105,Male,Yes,1,Graduate,No,-0.384914592027,-0.202049082452,-0.552279399198,0.279622559015,1.0,Urban,1
106,Male,Yes,2,Graduate,No,0.984367276918,-0.169242571217,0.935152379104,0.279622559015,1.0,Urban,1
107,Male,No,0,Not Graduate,No,0.315849984298,-0.554035609239,-0.314290314669,0.279622559015,1.0,Rural,0
108,Male,Yes,2,Graduate,No,-0.26247312903,0.676208562056,0.828057291067,0.279622559015,0.0,Urban,0
109,Male,Yes,5,Not Graduate,No,-0.545496243364,-0.296367802251,-0.623676124556,2.14377295245,1.0,Semiurban,1
110,Male,No,0,Graduate,No,-0.0143163671266,-0.554035609239,-0.123899047047,0.279622559015,1.0,Urban,1
111,Female,Yes,0,Graduate,No,-0.405048682867,0.243230960659,-0.0882006843674,0.279622559015,1.0,Semiurban,1
112,Male,Yes,0,Not Graduate,No,-0.299794858393,0.851860090958,0.066492220576,0.0,0.0,Rural,0
113,Female,No,1,Graduate,Yes,0.335165616161,-0.554035609239,0.0,0.279622559015,1.0,Semiurban,1
114,Male,No,0,Graduate,No,-0.0578583847164,-0.554035609239,-0.338089223122,0.279622559015,1.0,Semiurban,1
115,Male,Yes,1,Graduate,No,1.50261550132,-0.554035609239,0.459174210048,-2.51660303114,1.0,Rural,1
116,Female,Yes,0,Graduate,No,-0.36609003555,0.226144236058,0.0902911290288,0.279622559015,1.0,Semiurban,1
117,Male,Yes,1,Graduate,No,-0.522088316615,-0.0762907893858,-0.730771212594,0.279622559015,0.0,Urban,1
118,Male,Yes,0,Graduate,No,0.026933965327,0.177959672682,0.340179667784,0.279622559015,1.0,Rural,0
119,Female,No,0,Graduate,No,0.819202255308,-0.554035609239,1.3397338228,0.279622559015,1.0,Urban,1
120,Male,Yes,0,Graduate,No,0.0431394530766,0.357370280996,0.399676938916,0.279622559015,1.0,Rural,1
121,Female,No,0,Graduate,No,-0.202561931895,-0.554035609239,-1.21864883588,0.279622559015,1.0,Semiurban,1
122,Female,No,0,Graduate,No,-0.534692584864,2.51474012916,-0.11199959282,0.279622559015,0.0,Semiurban,1
123,Male,Yes,2,Graduate,No,-0.400465312595,-0.554035609239,-0.778369029499,0.279622559015,1.0,Semiurban,1
124,Male,Yes,0,Not Graduate,No,-0.180627231304,0.134217657702,0.566269298085,0.279622559015,1.0,Rural,1
125,Female,No,0,Graduate,No,-0.280151842939,-0.554035609239,-0.635575578782,0.279622559015,0.0,Rural,1
126,Male,Yes,5,Graduate,No,3.01185385537,-0.554035609239,2.66057324193,0.279622559015,1.0,Rural,1
127,Male,No,0,Graduate,No,-0.251833162326,0.00640895768457,0.0,0.279622559015,1.0,Rural,1
128,Male,Yes,1,Graduate,Yes,0.836389893831,0.761642185063,0.161687854387,-2.51660303114,0.0,Urban,0
129,Male,Yes,0,Graduate,No,0.110744164598,0.323880300777,0.423475847368,0.279622559015,0.0,Rural,0
130,Male,No,0,Graduate,Yes,2.41650679532,-0.554035609239,5.99242042533,2.14377295245,0.0,Urban,1
131,Male,No,0,Graduate,No,-0.554826675705,0.10517022588,-0.861665209084,0.279622559015,1.0,Urban,1
132,Male,No,0,Graduate,No,-0.439587651708,-0.554035609239,-0.90926302599,0.279622559015,1.0,Semiurban,1
133,Male,Yes,0,Graduate,Yes,-0.318292031279,-0.554035609239,-1.44473846618,-3.44867822785,1.0,Semiurban,1
134,Male,No,0,Graduate,No,-0.0832306130113,-0.554035609239,-0.528480490745,0.279622559015,1.0,Semiurban,1
135,Male,Yes,5,Graduate,No,-0.22973476994,2.09440670397,1.70861690382,0.279622559015,1.0,Semiurban,0
136,Female,Yes,0,Graduate,No,-0.134302453192,-0.554035609239,-0.74267066682,0.279622559015,1.0,Rural,0
137,Male,Yes,2,Graduate,Yes,-0.341699958028,0.642035112854,-0.695072849915,0.279622559015,1.0,Urban,1
138,Male,No,0,Graduate,No,1.57071128822,-0.554035609239,1.13744310095,0.279622559015,0.0,Semiurban,0
139,Male,Yes,2,Not Graduate,No,-0.19699641085,-0.065355285641,-0.207195226632,0.279622559015,1.0,Rural,0
140,Male,Yes,2,Graduate,No,-0.05916791908,0.157797337652,0.459174210048,0.279622559015,1.0,Rural,0
141,Male,No,0,Graduate,No,0.00221650421397,-0.554035609239,0.256883488199,0.279622559015,1.0,Urban,1
142,Male,No,0,Graduate,Yes,0.25315602664,-0.554035609239,0.340179667784,-2.51660303114,1.0,Semiurban,1
143,Male,Yes,0,Graduate,No,-0.442861487617,0.141052347543,-0.290491406216,0.279622559015,1.0,Semiurban,1
144,Male,Yes,2,Graduate,No,1.04002248737,-0.554035609239,0.4829731185,-2.51660303114,1.0,Urban,1
145,Female,Yes,0,Graduate,No,-0.503100068342,0.978985321992,-0.552279399198,0.279622559015,1.0,Semiurban,1
146,Female,Yes,2,Graduate,No,1.54894027943,-0.554035609239,-0.90926302599,0.279622559015,1.0,Urban,1
147,Male,Yes,1,Graduate,No,-0.632743970339,-0.0670639581011,-1.38524119505,0.279622559015,1.0,Urban,1
148,Female,No,0,Graduate,No,0.752416002765,0.0152940544773,0.935152379104,0.279622559015,1.0,Rural,0
149,Male,Yes,0,Graduate,No,-0.0889598258521,-0.270395980857,-0.254793043537,0.279622559015,1.0,Semiurban,1
150,Male,No,0,Graduate,No,0.142991448302,-0.554035609239,-0.338089223122,0.279622559015,0.0,Rural,0
151,Male,Yes,0,Graduate,Yes,-0.462668194866,0.72746873586,0.066492220576,0.279622559015,1.0,Rural,1
152,Male,No,0,Graduate,No,0.615897045359,-0.554035609239,1.16124200941,0.279622559015,1.0,Urban,0
153,Male,Yes,2,Not Graduate,No,-0.511120966319,-0.554035609239,-0.397586494254,0.279622559015,1.0,Rural,0
154,Male,No,0,Graduate,No,-0.351848849346,-0.554035609239,-1.14725211052,0.279622559015,1.0,Urban,1
155,Male,Yes,5,Graduate,No,5.66300617449,-0.554035609239,5.39744771401,-2.51660303114,0.0,Semiurban,1
156,Male,Yes,1,Graduate,No,0.0976488209617,-0.554035609239,0.161687854387,0.279622559015,0.0,Rural,1
157,Male,Yes,1,Graduate,No,0.676790393266,-0.554035609239,0.4829731185,0.279622559015,1.0,Urban,1
158,Male,No,0,Graduate,No,-0.396700401299,0.157797337652,-0.314290314669,0.279622559015,1.0,Rural,1
159,Male,Yes,0,Graduate,No,-0.134302453192,1.36822090841,1.2921360059,0.279622559015,1.0,Semiurban,1
160,Male,Yes,0,Not Graduate,No,-0.579544136818,-0.198290003039,-0.57607830765,0.279622559015,1.0,Semiurban,1
161,Male,Yes,0,Graduate,No,0.414065061568,-0.554035609239,1.53012509042,0.279622559015,1.0,Urban,0
162,Male,Yes,1,Graduate,No,-0.378857995595,-0.116615459445,-0.302390860443,0.279622559015,0.0,Semiurban,0
163,Male,Yes,2,Graduate,No,-0.202398240099,-0.0595457992765,0.137888945934,0.279622559015,1.0,Rural,1
164,Male,Yes,0,Graduate,No,0.641596657244,-0.554035609239,-0.849765754858,-2.51660303114,1.0,Urban,1
165,Male,Yes,0,Graduate,No,-0.277696466007,0.527895792517,0.423475847368,0.0,1.0,Rural,1
166,Female,Yes,0,Graduate,No,-0.134302453192,-0.554035609239,-0.409485948481,0.279622559015,1.0,Rural,0
167,Male,Yes,0,Graduate,No,-0.485257662638,0.584965452685,-0.207195226632,0.279622559015,1.0,Rural,1
168,Male,No,0,Graduate,No,-0.518323405319,-0.554035609239,-0.992559205575,2.14377295245,0.0,Semiurban,0
169,Male,Yes,2,Graduate,No,0.425032411863,-0.554035609239,0.637666023444,0.279622559015,1.0,Semiurban,1
170,Male,Yes,0,Not Graduate,No,-0.586582884022,0.050492707156,-0.61177667033,0.279622559015,1.0,Rural,1
171,Male,Yes,5,Graduate,No,7.58867645617,-0.554035609239,6.58739313665,-0.652452637702,1.0,Urban,1
172,Male,Yes,5,Not Graduate,No,-0.307979448165,-0.554035609239,-0.778369029499,-2.51660303114,1.0,Rural,0
173,Male,Yes,0,Graduate,No,0.0498508166901,1.36822090841,0.4829731185,0.279622559015,1.0,Semiurban,1
174,Male,Yes,0,Not Graduate,Yes,-0.173424792305,-0.302519023107,-0.706972304141,0.279622559015,1.0,Semiurban,0
175,Male,Yes,0,Graduate,No,-0.312071743051,0.117130933101,-0.361888131575,0.279622559015,1.0,Rural,1
176,Male,Yes,2,Graduate,No,-0.549752230046,-0.000767466647985,-0.540379944971,0.279622559015,1.0,Rural,1
177,Male,Yes,5,Graduate,No,0.0184219919636,3.30756415066,4.14800502024,0.279622559015,0.0,Semiurban,0
178,Male,Yes,1,Graduate,No,-0.270657718802,-0.554035609239,-0.361888131575,0.279622559015,1.0,Semiurban,1
179,Male,No,0,Not Graduate,No,-0.502608992956,-0.0581788613084,-0.528480490745,2.14377295245,0.0,Urban,0
180,Male,Yes,1,Graduate,No,0.163125539142,1.92353945795,0.399676938916,0.279622559015,0.0,Urban,0
181,Male,No,0,Graduate,No,-0.570868471659,1.17616612389,-0.944961388669,0.279622559015,0.0,Rural,0
182,Male,Yes,0,Graduate,No,-0.131519692669,-0.554035609239,-0.873564663311,-2.51660303114,1.0,Semiurban,1
183,Male,Yes,1,Graduate,No,4.65581055708,-0.554035609239,1.35163327703,0.279622559015,1.0,Semiurban,0
184,Female,Yes,0,Graduate,No,-0.291119193234,-0.554035609239,-0.457083765386,0.279622559015,1.0,Semiurban,1
185,Male,Yes,0,Graduate,Yes,5.52354076477,1.06920322789,-0.314290314669,0.279622559015,1.0,Semiurban,1
186,Male,Yes,1,Graduate,Yes,-0.527981221251,-0.554035609239,-0.956860842896,-0.652452637702,0.0,Rural,0
187,Male,Yes,0,Graduate,No,-0.494424403184,0.176592734714,-1.05205647671,0.279622559015,0.0,Rural,1
188,Male,Yes,0,Graduate,Yes,-0.774173681609,1.25579026053,0.256883488199,0.279622559015,1.0,Rural,1
189,Male,Yes,0,Graduate,No,0.642415116222,-0.554035609239,0.494872572727,-2.51660303114,1.0,Rural,1
190,Male,No,0,Not Graduate,No,-0.0848675309658,-0.554035609239,-1.17105101897,0.279622559015,1.0,Rural,1
191,Male,No,0,Graduate,No,1.07979959367,-0.554035609239,0.209285671293,0.279622559015,1.0,Semiurban,0
192,Male,Yes,0,Not Graduate,No,0.103050650212,-0.554035609239,0.161687854387,0.279622559015,1.0,Urban,0
193,Male,No,0,Graduate,No,-0.252979004894,-0.554035609239,-0.837866300632,0.279622559015,1.0,Semiurban,1
194,Male,No,0,Graduate,No,-0.198469637009,-0.554035609239,-0.314290314669,0.279622559015,1.0,Rural,1
195,Male,Yes,1,Graduate,No,-0.372965090959,0.328664583665,0.280682396651,0.279622559015,1.0,Semiurban,0
196,Male,No,0,Graduate,No,0.479541779748,0.72746873586,0.4829731185,0.279622559015,1.0,Rural,1
197,Female,No,0,Not Graduate,No,-0.572341697818,0.254166464404,-0.314290314669,0.0,1.0,Urban,1
198,Female,Yes,0,Graduate,No,-0.325330778483,0.408288720308,-0.397586494254,0.279622559015,0.0,Semiurban,1
199,Male,No,0,Graduate,Yes,0.916107798215,-0.554035609239,-0.754570121047,0.279622559015,1.0,Urban,0
200,Male,Yes,1,Not Graduate,No,-0.458903283571,0.300300620827,-0.671273941462,0.279622559015,1.0,Semiurban,1
201,Male,No,2,Graduate,No,-0.0786472427387,-0.554035609239,0.233084579746,0.279622559015,0.0,Semiurban,1
202,Male,Yes,5,Not Graduate,No,-0.231044304303,-0.554035609239,0.0,-2.51660303114,1.0,Urban,0
203,Male,Yes,1,Not Graduate,No,-0.311580667665,-0.183937154374,-0.135798501273,0.279622559015,1.0,Urban,1
204,Male,Yes,2,Not Graduate,No,-0.243321188962,-0.554035609239,-0.266692497764,0.279622559015,1.0,Semiurban,1
205,Female,No,0,Not Graduate,No,-0.162948517396,-0.554035609239,-0.314290314669,0.279622559015,1.0,Semiurban,1
206,Female,No,0,Graduate,No,-0.3534857673,-0.554035609239,-0.790268483726,0.279622559015,1.0,Urban,1
207,Male,No,0,Not Graduate,No,-0.233827064826,0.31089439008,-1.08775483939,0.279622559015,1.0,Rural,1
208,Male,No,0,Graduate,No,-0.47870999082,-0.554035609239,-1.04015702248,0.279622559015,1.0,Urban,1
209,Male,No,0,Graduate,No,-0.325003394892,-0.554035609239,-0.230994135084,0.279622559015,1.0,Semiurban,0
210,Female,No,0,Graduate,No,0.752416002765,-0.554035609239,0.804258382614,0.279622559015,1.0,Semiurban,0
211,Male,Yes,5,Graduate,No,-0.323039093347,-0.126867494206,-0.219094680858,0.279622559015,0.0,Semiurban,0
212,Male,Yes,1,Graduate,Yes,0.390166059432,-0.554035609239,1.1136441925,0.279622559015,1.0,Urban,1
213,Male,Yes,5,Not Graduate,Yes,0.0490323577129,-0.554035609239,-0.195295772405,0.279622559015,1.0,Rural,1
214,Male,Yes,0,Graduate,No,-0.365107884777,0.478344291173,-0.11199959282,0.279622559015,1.0,Urban,1
215,Male,Yes,5,Not Graduate,No,-0.254288539257,-0.218110603577,-0.552279399198,0.279622559015,1.0,Semiurban,1
216,Male,Yes,0,Graduate,No,-0.859948182425,0.0610864764088,-0.135798501273,0.279622559015,1.0,Rural,0
217,Male,Yes,0,Graduate,No,-0.274422630098,0.0525431141081,-0.183396318179,0.279622559015,1.0,Semiurban,1
218,Male,Yes,2,Graduate,No,-0.066042974489,-0.554035609239,-0.885464117537,0.279622559015,0.0,Semiurban,0
219,Female,Yes,2,Graduate,No,-0.183409991827,0.26031768526,-0.230994135084,0.279622559015,0.0,Semiurban,1
220,Male,Yes,0,Graduate,No,-0.520942474047,-0.554035609239,-1.02825756825,0.279622559015,0.0,Urban,0
221,Male,Yes,2,Graduate,No,-0.228261543781,0.0327225135706,-0.361888131575,0.279622559015,1.0,Semiurban,1
222,Male,No,0,Graduate,No,-0.398173627458,0.399745358007,-0.0287034132353,0.279622559015,1.0,Semiurban,1
223,Male,Yes,0,Graduate,No,0.355954474183,-0.208883772292,0.340179667784,0.0,1.0,Semiurban,1
224,Male,Yes,0,Graduate,No,0.138571769824,-0.554035609239,-0.219094680858,0.279622559015,1.0,Semiurban,1
225,Male,Yes,0,Graduate,No,-0.352503616528,-0.554035609239,0.280682396651,0.279622559015,1.0,Rural,0
226,Male,Yes,0,Not Graduate,Yes,-0.109421300283,-0.554035609239,-0.100100138594,0.279622559015,1.0,Urban,0
227,Male,Yes,2,Graduate,No,0.138571769824,0.025204354746,0.756660565708,0.279622559015,1.0,Semiurban,1
228,Male,No,0,Graduate,No,-0.105656388988,-0.554035609239,0.137888945934,2.14377295245,1.0,Semiurban,1
229,Male,No,0,Graduate,Yes,0.163125539142,-0.554035609239,0.637666023444,0.279622559015,1.0,Rural,1
230,Male,Yes,1,Graduate,No,-0.476745689275,0.147887037384,-0.504681582292,0.279622559015,1.0,Semiurban,1
231,Male,Yes,0,Graduate,No,-0.276223239848,-0.554035609239,-1.24244774433,-2.51660303114,1.0,Rural,1
232,Male,No,0,Not Graduate,No,-0.36248881605,0.333790601046,-0.314290314669,0.0,1.0,Rural,1
233,Female,No,0,Graduate,No,0.479541779748,-0.554035609239,1.58962236156,0.279622559015,1.0,Semiurban,1
234,Male,Yes,1,Graduate,No,-0.368054337096,0.0539100520762,-0.076301230141,0.279622559015,1.0,Semiurban,1
235,Male,Yes,1,Graduate,No,0.0158029232364,-0.123450149285,0.280682396651,0.279622559015,1.0,Rural,1
236,Male,Yes,0,Graduate,No,0.0560711049173,-0.554035609239,1.2921360059,0.279622559015,0.0,Urban,0
237,Female,No,0,Graduate,Yes,-0.317637264097,-0.554035609239,-0.290491406216,0.279622559015,0.0,Urban,1
238,Female,No,1,Graduate,No,-0.260508827484,-0.554035609239,-0.409485948481,0.279622559015,1.0,Rural,1
239,Male,Yes,1,Graduate,No,-0.341863649823,-0.554035609239,-0.599877216103,0.279622559015,1.0,Semiurban,1
240,Male,Yes,2,Graduate,No,0.0680206059852,1.15463685089,-0.314290314669,0.279622559015,1.0,Rural,1
241,Male,Yes,1,Not Graduate,No,-0.473635545161,0.12362388845,-0.076301230141,-2.51660303114,1.0,Urban,0
242,Male,No,0,Graduate,No,-0.399155778231,1.3941927298,0.102190583255,-4.38075342457,1.0,Urban,1
243,Male,Yes,2,Graduate,Yes,0.138571769824,-0.109780769604,-0.457083765386,0.279622559015,1.0,Rural,1
244,Male,Yes,0,Not Graduate,No,-0.326967696437,0.955405642042,-0.27859195199,0.279622559015,1.0,Semiurban,1
245,Male,No,0,Graduate,Yes,0.105833410734,0.926699944712,-0.314290314669,-2.51660303114,1.0,Urban,0
246,Male,Yes,2,Graduate,No,0.703799539516,-0.554035609239,-0.409485948481,0.279622559015,1.0,Urban,1
247,Male,Yes,1,Not Graduate,No,0.197173432596,-0.554035609239,-0.11199959282,-2.51660303114,1.0,Urban,1
248,Male,Yes,1,Graduate,No,-0.412742197254,0.0757810595659,-0.27859195199,2.14377295245,1.0,Semiurban,1
249,Male,Yes,0,Graduate,No,-0.588383493772,0.0843244218666,-0.671273941462,0.279622559015,1.0,Urban,1
250,Male,Yes,0,Not Graduate,No,-0.611464036931,0.775311564744,0.64956547767,0.279622559015,0.0,Semiurban,0
251,Female,No,2,Graduate,No,-0.323530168733,-0.554035609239,-0.100100138594,0.279622559015,1.0,Urban,0
252,Male,No,0,Not Graduate,Yes,-0.461686044093,0.186503034982,-0.504681582292,0.279622559015,1.0,Rural,1
253,Male,Yes,1,Not Graduate,No,-0.448918084048,1.87262101864,1.57772290733,-2.51660303114,1.0,Semiurban,1
254,Male,No,0,Graduate,Yes,1.77548972433,-0.554035609239,0.542470389633,0.279622559015,0.0,Urban,0
255,Female,No,5,Graduate,No,-0.379840146368,-0.554035609239,1.2921360059,0.279622559015,1.0,Rural,1
256,Male,No,0,Not Graduate,No,0.105014951757,-0.554035609239,-0.373787585801,0.279622559015,0.0,Rural,0
257,Male,Yes,5,Graduate,No,-0.0251200256263,-0.554035609239,-0.623676124556,0.279622559015,1.0,Urban,0
258,Male,Yes,0,Graduate,No,1.51898468086,0.163606824017,1.87520926299,0.279622559015,1.0,Rural,0
259,Male,Yes,5,Not Graduate,No,-0.0773377083751,-0.554035609239,-0.219094680858,0.279622559015,0.0,Semiurban,0
260,Male,Yes,1,Graduate,No,0.111235239984,0.898335981874,2.18459507288,0.279622559015,0.0,Urban,1
261,Male,No,0,Graduate,No,-0.547296853114,0.200855883648,-0.147697955499,0.279622559015,1.0,Semiurban,1
262,Female,No,1,Graduate,No,-0.314690811779,-0.554035609239,0.102190583255,-4.75358350326,1.0,Semiurban,0
263,Female,No,0,Graduate,No,0.294078975503,-0.554035609239,-0.314290314669,0.279622559015,1.0,Rural,1
264,Male,No,0,Graduate,Yes,-0.0388701364442,-0.554035609239,-0.219094680858,0.279622559015,1.0,Semiurban,1
265,Male,No,0,Graduate,No,-0.214184049372,0.623923184776,0.0545927663496,0.279622559015,1.0,Rural,1
266,Male,Yes,2,Graduate,No,-0.113840978761,-0.0800498687981,0.0426933121232,0.279622559015,1.0,Semiurban,1
267,Male,Yes,5,Graduate,No,-0.175225402055,0.0648455558211,0.161687854387,0.279622559015,0.0,Urban,1
268,Female,No,0,Graduate,No,-0.325003394892,-0.554035609239,-0.135798501273,0.279622559015,1.0,Rural,0
269,Female,No,1,Graduate,No,-0.413724348026,-0.0209298016775,-0.671273941462,0.279622559015,1.0,Urban,1
270,Female,No,0,Graduate,No,-0.354631609869,-0.554035609239,-1.38524119505,0.279622559015,1.0,Urban,1
271,Male,Yes,0,Graduate,No,0.940006800351,-0.554035609239,-0.123899047047,0.279622559015,1.0,Urban,1
272,Male,No,0,Graduate,No,-0.420763095231,0.0805653424543,-0.242893589311,0.279622559015,1.0,Rural,1
273,Male,Yes,0,Graduate,No,-0.455629447662,0.205640166536,0.0426933121232,0.279622559015,1.0,Semiurban,1
274,Male,Yes,2,Graduate,No,-0.246103949485,-0.554035609239,-0.671273941462,0.279622559015,1.0,Semiurban,1
275,Male,Yes,1,Graduate,No,-0.434349514253,0.0754393250739,-0.373787585801,0.279622559015,1.0,Semiurban,1
276,Male,Yes,0,Graduate,No,-0.230880612508,0.564803117656,0.720962203029,0.279622559015,1.0,Semiurban,1
277,Male,Yes,0,Graduate,No,-0.376566310459,-0.109780769604,-0.790268483726,0.279622559015,1.0,Urban,1
278,Male,Yes,0,Graduate,No,1.50261550132,-0.554035609239,3.44593722088,0.279622559015,1.0,Semiurban,1
279,Female,Yes,0,Not Graduate,No,-0.213365590395,-0.554035609239,-0.266692497764,0.279622559015,0.0,Rural,1
280,Male,No,1,Not Graduate,Yes,-0.221059104781,0.275012268417,0.137888945934,0.279622559015,0.0,Urban,0
281,Male,Yes,0,Graduate,No,-0.241684271008,-0.280648015618,-0.409485948481,0.279622559015,1.0,Semiurban,1
282,Male,Yes,2,Graduate,No,-0.50784713041,-0.217153751168,-0.814067392179,-2.51660303114,1.0,Urban,1
283,Female,No,0,Graduate,No,-0.588056110181,0.0152940544773,-1.09965429361,0.279622559015,1.0,Urban,1
284,Male,Yes,0,Graduate,No,2.49851638484,-0.554035609239,0.0,0.279622559015,1.0,Rural,0
285,Male,No,0,Graduate,No,-0.367563261709,0.489279794918,-0.683173395688,0.279622559015,1.0,Rural,1
286,Female,No,0,Graduate,Yes,-0.458903283571,0.0327225135706,-0.564178853424,-0.652452637702,1.0,Semiurban,0
287,Male,Yes,0,Graduate,No,-0.278187541393,0.129433374814,-0.314290314669,0.279622559015,1.0,Rural,1
288,Female,No,0,Graduate,No,-0.209436987304,-0.554035609239,-0.373787585801,0.279622559015,1.0,Semiurban,1
289,Male,No,0,Graduate,No,0.671879639403,-0.554035609239,0.4829731185,0.279622559015,1.0,Rural,1
290,Male,Yes,0,Graduate,No,-0.381149680732,0.271594923497,-0.0882006843674,0.279622559015,1.0,Rural,1
291,Male,Yes,2,Graduate,No,-0.164258051759,-0.554035609239,-0.230994135084,0.279622559015,0.0,Semiurban,0
292,Male,Yes,2,Graduate,No,-0.368381720686,-0.0209298016775,-0.147697955499,0.279622559015,1.0,Urban,1
293,Female,No,0,Graduate,No,0.00221650421397,-0.554035609239,-0.0406028674618,2.14377295245,0.0,Urban,0
294,Male,Yes,0,Graduate,No,-0.494424403184,0.585307187177,0.304481305104,0.279622559015,1.0,Semiurban,1
295,Male,Yes,5,Graduate,No,-0.161638983032,-0.126867494206,-0.433284856933,0.279622559015,1.0,Urban,1
296,Male,Yes,1,Graduate,No,0.240879141981,-0.554035609239,0.637666023444,0.279622559015,1.0,Semiurban,1
297,Female,Yes,1,Graduate,No,-0.12071603417,-0.554035609239,-0.135798501273,0.279622559015,1.0,Urban,1
298,Female,No,0,Graduate,No,-0.066042974489,0.314311735,0.0545927663496,2.14377295245,1.0,Rural,0
299,Male,Yes,1,Graduate,No,-0.554826675705,0.445537779939,-0.397586494254,0.279622559015,1.0,Urban,0
300,Male,Yes,0,Not Graduate,No,-0.589856719931,0.448613390367,-0.635575578782,0.279622559015,0.0,Urban,0
301,Male,Yes,0,Not Graduate,No,-0.413888039822,0.0439997518075,-0.492782128066,0.279622559015,1.0,Semiurban,1
302,Female,No,0,Graduate,No,-0.066042974489,-0.554035609239,-0.171496863952,0.279622559015,1.0,Rural,1
303,Male,Yes,1,Graduate,No,-0.618502784135,0.0621116798849,-0.599877216103,0.279622559015,1.0,Urban,1
304,Male,No,0,Graduate,No,-0.22973476994,0.300300620827,-0.076301230141,0.279622559015,1.0,Rural,1
305,Male,No,0,Not Graduate,No,-0.557118360841,-0.554035609239,0.0,0.279622559015,1.0,Urban,0
306,Female,No,0,Graduate,No,-0.268693417257,0.0152940544773,-0.135798501273,0.279622559015,1.0,Rural,1
307,Female,No,0,Graduate,No,-0.491641642661,0.0826157494065,-0.504681582292,0.279622559015,0.0,Urban,0
308,Male,No,0,Graduate,No,2.42747414561,-0.554035609239,3.96951320684,0.279622559015,1.0,Rural,0
309,Male,Yes,2,Not Graduate,No,0.370523043978,-0.554035609239,0.459174210048,0.279622559015,0.0,Rural,1
310,Female,No,0,Graduate,No,-0.407012984413,-0.554035609239,-0.74267066682,0.279622559015,1.0,Semiurban,1
311,Male,No,0,Not Graduate,No,-0.405376066458,0.267835844085,-0.421385402707,0.279622559015,1.0,Semiurban,1
312,Female,No,0,Graduate,No,-0.474126620548,-0.554035609239,-1.07585538516,0.279622559015,1.0,Rural,1
313,Male,Yes,2,Graduate,Yes,0.0560711049173,-0.554035609239,-0.0287034132353,-4.00792334588,0.0,Rural,1
314,Male,Yes,0,Graduate,No,-0.479692141593,0.0757810595659,0.149788400161,0.279622559015,1.0,Rural,0
315,Male,Yes,1,Not Graduate,No,-0.328113539006,0.00640895768457,-0.421385402707,-2.51660303114,1.0,Urban,1
316,Male,Yes,2,Graduate,No,-0.276059548052,-0.554035609239,-0.314290314669,0.279622559015,1.0,Semiurban,1
317,Male,Yes,0,Graduate,No,-0.547624236705,0.175225796746,-0.695072849915,0.279622559015,0.0,Urban,1
318,Female,No,1,Graduate,No,-0.304869304052,-0.554035609239,-0.409485948481,0.279622559015,0.0,Semiurban,1
319,Male,Yes,1,Graduate,Yes,0.752416002765,-0.554035609239,0.102190583255,0.279622559015,1.0,Rural,0
320,Male,Yes,0,Graduate,No,-0.491641642661,0.186503034982,-0.373787585801,0.279622559015,1.0,Semiurban,1
321,Male,Yes,5,Graduate,No,-0.173752175896,-0.489447790246,-0.266692497764,0.279622559015,1.0,Semiurban,1
322,Male,Yes,2,Not Graduate,No,-0.295047796325,-0.0106777669168,0.0,0.279622559015,1.0,Rural,1
323,Female,No,0,Graduate,No,-0.366253727346,0.46604184946,-0.171496863952,0.279622559015,0.0,Rural,1
324,Male,Yes,5,Graduate,No,1.57087498002,-0.554035609239,1.82761144609,0.279622559015,1.0,Rural,1
325,Male,Yes,1,Graduate,Yes,0.534051147633,1.14882736453,2.73196996729,0.279622559015,0.0,Rural,0
326,Male,No,0,Graduate,No,-0.0796293935114,-0.554035609239,-0.195295772405,0.279622559015,0.0,Rural,1
327,Male,Yes,0,Graduate,Yes,0.0678569141897,0.184110893538,0.447274755821,0.279622559015,1.0,Semiurban,1
328,Female,Yes,0,Graduate,No,-0.175225402055,0.283555630718,-0.433284856933,0.279622559015,1.0,Urban,0
329,Female,No,0,Graduate,No,-0.475272463116,-0.554035609239,-0.944961388669,0.279622559015,1.0,Urban,1
330,Male,No,1,Graduate,No,-0.166877120487,0.0586943349646,-0.349988677349,0.279622559015,1.0,Urban,1
331,Male,No,0,Graduate,No,-0.404066532095,-0.554035609239,-0.57607830765,0.279622559015,1.0,Semiurban,1
332,Male,No,0,Graduate,No,-0.420763095231,-0.554035609239,-0.897363571764,0.279622559015,1.0,Urban,1
333,Male,Yes,0,Graduate,No,9.48324529672,-0.554035609239,4.0885077491,-2.51660303114,1.0,Urban,1
334,Male,Yes,1,Graduate,Yes,0.725079472924,0.0723637146457,0.423475847368,-2.51660303114,1.0,Urban,1
335,Male,Yes,0,Graduate,Yes,0.0162939986227,0.98035225996,-0.90926302599,0.0,1.0,Semiurban,1
336,Male,Yes,1,Graduate,No,-0.0251200256263,-0.318922278725,0.161687854387,0.279622559015,1.0,Rural,1
337,Male,Yes,2,Graduate,Yes,-0.475272463116,1.01794305408,0.35207912201,0.279622559015,1.0,Rural,1
338,Female,No,5,Not Graduate,No,-0.584945966068,-0.554035609239,0.0,0.279622559015,0.0,Urban,0
339,Female,No,0,Graduate,No,-0.203544082668,-0.554035609239,-0.897363571764,0.279622559015,1.0,Semiurban,1
340,Male,Yes,5,Not Graduate,No,-0.451209769185,-0.0117029703928,0.316380759331,0.279622559015,1.0,Rural,0
341,Female,No,0,Graduate,No,-0.495242862161,-0.554035609239,-1.19484992742,0.279622559015,1.0,Rural,0
342,Male,Yes,1,Not Graduate,No,-0.13904951526,-0.134043918538,0.137888945934,0.279622559015,1.0,Urban,1
343,Male,Yes,5,Not Graduate,No,-0.365107884777,-0.554035609239,-0.861665209084,0.279622559015,1.0,Semiurban,1
344,Male,Yes,2,Graduate,No,-0.461686044093,0.242205757183,-0.254793043537,0.279622559015,1.0,Rural,1
345,Male,Yes,0,Graduate,No,-0.475436154911,0.285947772162,0.161687854387,0.279622559015,1.0,Semiurban,1
346,Male,Yes,0,Not Graduate,No,-0.30781575637,0.549766800007,0.066492220576,0.279622559015,0.0,Rural,0
347,Male,Yes,2,Not Graduate,No,-0.379840146368,0.186844769475,-0.242893589311,0.279622559015,1.0,Urban,1
348,Male,Yes,0,Graduate,No,0.152158188847,1.01213356772,1.3397338228,0.279622559015,0.0,Semiurban,1
349,Male,Yes,0,Graduate,No,-0.454810988684,1.58180496593,0.4829731185,0.279622559015,1.0,Rural,1
350,Male,Yes,0,Graduate,No,0.602310626336,-0.554035609239,0.970850741783,0.279622559015,1.0,Semiurban,1
351,Male,No,0,Graduate,No,0.547801258451,0.869972019035,1.9228070799,0.279622559015,1.0,Rural,0
352,Male,Yes,5,Graduate,No,-0.448099625071,0.157797337652,-0.61177667033,0.279622559015,1.0,Rural,1
353,Female,Yes,0,Graduate,Yes,0.0158029232364,-0.554035609239,-0.492782128066,0.279622559015,0.0,Rural,0
354,Female,Yes,0,Graduate,No,-0.487876731365,-0.381459690765,-0.195295772405,0.279622559015,1.0,Semiurban,1
355,Female,No,0,Graduate,No,-0.260345135689,-0.554035609239,-0.361888131575,-2.51660303114,1.0,Urban,1
356,Male,Yes,2,Graduate,No,0.479541779748,0.528237527009,0.221185125519,0.279622559015,1.0,Rural,1
357,Male,Yes,1,Graduate,No,-0.250196244371,-0.554035609239,-0.944961388669,0.279622559015,1.0,Urban,0
358,Male,Yes,0,Not Graduate,No,-0.39342656539,0.0152940544773,-0.552279399198,2.14377295245,0.0,Urban,0
359,Male,Yes,5,Graduate,No,-0.0387064446487,0.528237527009,0.637666023444,0.279622559015,1.0,Semiurban,1
360,Female,No,1,Graduate,No,-0.111385601829,-0.554035609239,-0.778369029499,0.279622559015,1.0,Semiurban,0
361,Male,Yes,2,Graduate,No,-0.066042974489,0.699104773022,1.06604637559,0.279622559015,1.0,Semiurban,1
362,Male,Yes,0,Graduate,No,-0.106965923352,0.243230960659,-0.195295772405,0.279622559015,1.0,Urban,1
363,Male,Yes,0,Graduate,No,-0.39129857205,0.482445105077,-0.61177667033,-0.652452637702,0.0,Urban,1
364,Male,No,0,Graduate,Yes,0.232203476822,-0.554035609239,-0.0644017759146,0.279622559015,1.0,Rural,1
365,Male,No,0,Not Graduate,No,0.133006248779,-0.554035609239,-0.159597409726,0.279622559015,1.0,Rural,0
366,Male,No,0,Graduate,No,-0.475272463116,-0.554035609239,-0.599877216103,2.14377295245,1.0,Semiurban,0
367,Male,No,0,Graduate,No,-0.0457451918531,-0.554035609239,-0.266692497764,0.0,0.0,Rural,0
368,Male,Yes,1,Graduate,No,0.150848654483,-0.554035609239,0.340179667784,0.279622559015,1.0,Semiurban,1
369,Male,Yes,0,Graduate,No,2.3451371725,1.24553822577,5.04046408722,0.279622559015,1.0,Rural,0
370,Female,No,0,Graduate,Yes,1.69511705277,-0.554035609239,-1.08775483939,0.279622559015,1.0,Semiurban,1
371,Male,Yes,2,Graduate,No,-0.0357599923306,-0.554035609239,0.102190583255,0.279622559015,1.0,Semiurban,1
372,Male,Yes,2,Graduate,Yes,0.641596657244,2.13644004649,2.7795677842,-0.652452637702,1.0,Rural,1
373,Male,No,1,Graduate,No,-0.383277674072,0.124990826418,-0.421385402707,-2.51660303114,0.0,Urban,0
374,Female,No,0,Graduate,No,-0.432057829117,-0.0554449853722,-0.433284856933,0.279622559015,1.0,Urban,1
375,Male,Yes,0,Graduate,No,-0.0959985730565,-0.238614673098,-0.314290314669,-2.51660303114,1.0,Urban,1
376,Male,Yes,5,Graduate,No,0.547801258451,1.15326991293,-0.195295772405,0.279622559015,1.0,Rural,1
377,Male,Yes,0,Graduate,No,-0.17899031335,-0.554035609239,-0.195295772405,0.279622559015,0.0,Semiurban,1
378,Male,No,0,Graduate,No,-0.382131831504,-0.554035609239,-0.897363571764,2.14377295245,1.0,Urban,0
379,Male,Yes,2,Graduate,No,-0.00203948246775,-0.554035609239,-0.195295772405,0.279622559015,1.0,Urban,1
380,Male,Yes,0,Graduate,No,-0.338917197505,0.300300620827,-0.219094680858,0.279622559015,1.0,Semiurban,1
381,Male,No,0,Graduate,No,0.0879910050301,0.892184761017,1.78001362918,0.279622559015,1.0,Semiurban,1
382,Female,No,0,Graduate,No,0.0976488209617,-0.554035609239,0.114090037482,0.279622559015,1.0,Urban,1
383,Male,No,0,Graduate,Yes,0.288677146253,-0.554035609239,-0.219094680858,0.279622559015,1.0,Urban,1
384,Male,Yes,2,Graduate,No,-0.137085213715,-0.554035609239,-0.552279399198,0.279622559015,1.0,Urban,0
385,Male,No,1,Graduate,No,-0.284244137825,-0.554035609239,-0.397586494254,-2.51660303114,1.0,Urban,1
386,Male,No,0,Not Graduate,No,-0.500480999615,-0.00726042199649,-0.171496863952,0.279622559015,1.0,Semiurban,1
387,Male,Yes,0,Not Graduate,No,-0.391789647436,0.517643757756,0.0,0.279622559015,0.0,Urban,0
388,Male,Yes,0,Graduate,No,-0.502608992956,0.271936657989,-0.123899047047,0.279622559015,1.0,Urban,1
389,Male,Yes,0,Graduate,No,0.013838621691,-0.554035609239,-0.254793043537,0.279622559015,1.0,Rural,1
390,Male,No,5,Graduate,No,0.616060737154,-0.554035609239,0.459174210048,0.279622559015,1.0,Rural,1
391,Male,Yes,5,Graduate,No,0.671224872221,-0.554035609239,1.53012509042,0.279622559015,1.0,Rural,1
392,Male,Yes,0,Graduate,No,-0.461686044093,0.168732841397,-0.314290314669,0.279622559015,0.0,Urban,1
393,Male,Yes,2,Not Graduate,No,-0.558264203409,0.00128294030417,-0.397586494254,-2.51660303114,1.0,Semiurban,1
394,Male,Yes,2,Graduate,No,-0.377057385845,-0.0756073204018,-0.397586494254,0.279622559015,1.0,Urban,1
395,Male,Yes,2,Graduate,No,-0.348247629846,-0.388636115098,-0.135798501273,0.279622559015,0.0,Semiurban,1
396,Female,No,0,Graduate,No,-0.363962042209,-0.554035609239,-0.897363571764,0.279622559015,0.0,Urban,0
397,Male,Yes,0,Graduate,No,-0.388024736141,-0.0554449853722,-0.61177667033,0.279622559015,1.0,Urban,1
398,Male,No,0,Not Graduate,No,-0.245776565894,0.0152940544773,-0.44518431116,0.279622559015,1.0,Rural,1
399,Female,No,0,Graduate,No,-0.638964258566,0.0610864764088,-0.516581036518,0.279622559015,0.0,Semiurban,0
400,Male,Yes,2,Not Graduate,No,-0.411596354685,-0.554035609239,-1.20674938165,-2.51660303114,0.0,Urban,0
401,Male,No,0,Not Graduate,No,-0.433531055276,-0.554035609239,-0.968760297122,-0.652452637702,1.0,Rural,0
402,Male,No,0,Graduate,No,-0.475272463116,6.28065423129,-0.516581036518,0.279622559015,1.0,Semiurban,1
403,Female,No,0,Not Graduate,No,-0.563174957273,-0.554035609239,-1.11155374784,0.279622559015,1.0,Semiurban,1
404,Female,No,0,Graduate,Yes,0.333528698206,-0.554035609239,0.566269298085,0.279622559015,1.0,Rural,0
405,Female,No,0,Graduate,No,-0.140195357828,-0.554035609239,-0.373787585801,0.279622559015,1.0,Semiurban,1
406,Male,Yes,0,Not Graduate,No,-0.529781831001,0.266127171625,-0.373787585801,0.279622559015,1.0,Urban,1
407,Female,No,0,Not Graduate,No,-0.52225200841,-0.554035609239,-0.956860842896,0.279622559015,1.0,Rural,1
408,Male,Yes,1,Graduate,No,0.474139950498,-0.554035609239,0.066492220576,-0.652452637702,0.0,Semiurban,0
409,Male,Yes,5,Graduate,No,12.3745334798,-0.554035609239,2.54157869967,0.279622559015,0.0,Rural,0
410,Female,No,1,Not Graduate,Yes,-0.251505778735,-0.554035609239,-1.0044586598,0.279622559015,1.0,Semiurban,0
411,Male,Yes,0,Graduate,No,0.139553920597,-0.554035609239,0.161687854387,0.279622559015,0.0,Urban,1
412,Male,Yes,0,Not Graduate,No,0.113363233325,-0.554035609239,0.851856199519,0.279622559015,0.0,Rural,0
413,Male,Yes,0,Not Graduate,No,-0.515704336592,0.140710613051,-0.433284856933,0.279622559015,1.0,Rural,1
414,Female,Yes,0,Not Graduate,No,-0.532728283319,0.552158941451,0.375878030463,0.279622559015,0.0,Semiurban,0
415,Female,No,0,Graduate,No,-0.394245024368,-0.554035609239,-1.02825756825,0.279622559015,1.0,Urban,1
416,Female,No,1,Graduate,No,-0.458903283571,-0.554035609239,0.161687854387,0.279622559015,1.0,Urban,0
417,Male,Yes,2,Graduate,Yes,-0.622595079021,6.28065423129,1.10174473827,0.279622559015,1.0,Urban,0
418,Male,Yes,0,Graduate,No,-0.716717861406,0.393594137151,-0.409485948481,0.279622559015,1.0,Rural,1
419,Male,Yes,0,Graduate,No,-0.35315838371,-0.0697978340373,-0.100100138594,0.279622559015,1.0,Semiurban,1
420,Male,Yes,0,Graduate,No,0.0696575239397,-0.554035609239,-0.100100138594,0.279622559015,1.0,Rural,1
421,Female,No,0,Not Graduate,No,-0.439260268117,-0.554035609239,-0.790268483726,0.0,0.0,Urban,0
422,Male,Yes,0,Graduate,No,-0.586582884022,0.0334059825547,-0.552279399198,0.279622559015,1.0,Urban,1
423,Male,Yes,1,Graduate,No,0.302263565275,0.0156357889693,-0.433284856933,0.0,0.0,Urban,0
424,Male,Yes,0,Graduate,No,1.55123196456,-0.554035609239,-0.599877216103,0.279622559015,1.0,Semiurban,1
425,Male,Yes,0,Graduate,No,-0.448099625071,0.915422706475,-0.302390860443,0.279622559015,1.0,Rural,1
426,Female,No,1,Not Graduate,No,-0.130537541897,-0.554035609239,-0.778369029499,0.279622559015,1.0,Rural,0
427,Male,Yes,2,Graduate,No,0.0870088542574,-0.554035609239,-0.159597409726,0.279622559015,1.0,Semiurban,1
428,Male,Yes,0,Graduate,No,-0.406521909026,-0.54852684894,-0.706972304141,0.279622559015,1.0,Rural,1
429,Male,No,0,Not Graduate,No,-0.439751343503,-0.554035609239,-1.02825756825,-2.51660303114,1.0,Urban,1
430,Female,No,1,Graduate,Yes,0.527176092224,-0.554035609239,0.0426933121232,0.279622559015,1.0,Semiurban,1
431,Male,No,0,Graduate,No,0.179494718687,-0.554035609239,-0.492782128066,0.279622559015,0.0,Rural,0
432,Male,No,0,Graduate,No,1.22319360648,-0.554035609239,3.07705413986,0.279622559015,1.0,Semiurban,1
433,Male,Yes,0,Graduate,No,-0.487549347775,0.245623102103,-0.0406028674618,0.279622559015,1.0,Semiurban,1
434,Male,No,0,Graduate,No,-0.270657718802,-0.554035609239,-0.552279399198,0.279622559015,1.0,Urban,1
435,Female,No,0,Graduate,No,0.760109517151,-0.554035609239,0.0,-1.58452783442,1.0,Semiurban,1
436,Male,No,0,Graduate,No,-0.569231553704,0.0785149355021,-1.14725211052,0.279622559015,1.0,Semiurban,1
437,Male,Yes,0,Graduate,No,-0.52225200841,-0.169584305709,0.0,0.279622559015,1.0,Urban,1
438,Male,No,0,Graduate,Yes,0.820511789672,-0.554035609239,0.4829731185,0.279622559015,0.0,Urban,0
439,Female,Yes,0,Not Graduate,Yes,0.284584851366,-0.554035609239,-0.100100138594,0.279622559015,1.0,Rural,1
440,Male,No,0,Graduate,No,-0.285389980393,1.17650785838,0.4829731185,0.279622559015,1.0,Semiurban,1
441,Male,Yes,0,Graduate,No,0.408826924114,0.0723637146457,0.399676938916,0.279622559015,1.0,Rural,1
442,Male,No,5,Not Graduate,No,-0.114004670556,0.12704123337,0.0188944036703,0.279622559015,1.0,Semiurban,1
443,Male,No,1,Graduate,No,5.28978888086,-0.554035609239,0.066492220576,0.279622559015,1.0,Semiurban,1
444,Male,Yes,0,Graduate,No,0.315849984298,2.29363791282,0.340179667784,-0.652452637702,0.0,Rural,1
445,Male,Yes,1,Graduate,Yes,-0.31714618871,-0.140536873887,-0.195295772405,0.279622559015,1.0,Rural,1
446,Male,Yes,2,Not Graduate,No,-0.123007719306,-0.554035609239,-0.433284856933,0.279622559015,1.0,Rural,1
447,Male,Yes,0,Graduate,No,-0.305196687642,-0.0838089482104,-1.08775483939,0.279622559015,1.0,Rural,0
448,Male,Yes,2,Graduate,No,-0.337771354937,0.0303303721264,0.0426933121232,0.279622559015,0.0,Rural,0
449,Male,No,1,Not Graduate,Yes,-0.43123937014,-0.027081022534,0.51867148118,0.279622559015,0.0,Semiurban,0
450,Male,Yes,2,Not Graduate,No,-0.506537596047,-0.125158821746,-0.254793043537,0.279622559015,0.0,Rural,0
451,Male,Yes,2,Not Graduate,No,-0.56399341625,-0.0564701888483,-1.02825756825,-0.652452637702,0.0,Urban,1
452,Male,Yes,0,Graduate,No,-0.238246743303,0.038190265443,0.0307938578967,0.279622559015,0.0,Rural,0
453,Male,Yes,0,Graduate,No,-0.478055223638,0.288681648098,-0.671273941462,-2.51660303114,0.0,Rural,1
454,Male,No,0,Graduate,Yes,0.275254419026,-0.554035609239,-0.74267066682,0.279622559015,1.0,Semiurban,1
455,Male,Yes,2,Graduate,No,-0.252815313098,-0.554035609239,-0.599877216103,0.279622559015,1.0,Semiurban,1
456,Male,Yes,0,Graduate,No,-0.180463539509,-0.554035609239,-0.338089223122,0.279622559015,1.0,Urban,1
457,Male,Yes,0,Graduate,No,-0.277532774211,0.323880300777,0.316380759331,0.279622559015,1.0,Urban,0
458,Male,No,2,Graduate,No,-0.17178787435,-0.554035609239,-0.123899047047,0.279622559015,1.0,Rural,1
459,Male,Yes,0,Graduate,No,0.479705471544,-0.554035609239,0.161687854387,0.279622559015,1.0,Semiurban,0
460,Male,Yes,0,Graduate,Yes,-0.543531941819,0.841266321705,0.161687854387,0.279622559015,0.0,Semiurban,1
461,Male,Yes,5,Graduate,No,0.382472545046,-0.554035609239,-0.219094680858,-2.51660303114,1.0,Urban,1
462,Male,Yes,0,Graduate,No,-0.390971188459,0.193679459315,0.0783916748024,0.279622559015,1.0,Rural,1
463,Female,No,1,Not Graduate,No,-0.0347778415579,-0.554035609239,-0.171496863952,0.279622559015,1.0,Semiurban,1
464,Male,No,0,Graduate,No,-0.202561931895,-0.554035609239,-0.57607830765,0.279622559015,0.0,Semiurban,0
465,Male,No,0,Graduate,No,0.0976488209617,-0.554035609239,-0.076301230141,0.279622559015,1.0,Rural,1
466,Male,Yes,5,Not Graduate,No,-0.402102230549,0.0146105854932,-0.90926302599,-2.51660303114,0.0,Urban,0
467,Male,Yes,0,Graduate,No,1.84784149792,-0.554035609239,-0.433284856933,0.279622559015,1.0,Semiurban,1
468,Female,Yes,2,Not Graduate,No,-0.850126674698,0.442803904002,-0.57607830765,0.279622559015,1.0,Semiurban,1
469,Male,Yes,0,Graduate,No,-0.175225402055,0.283555630718,-0.433284856933,0.279622559015,1.0,Urban,0
470,Male,Yes,1,Graduate,Yes,-0.319765257438,0.156430399684,0.18548676284,0.279622559015,1.0,Semiurban,1
471,Male,Yes,1,Not Graduate,No,-0.450227618412,-0.0414338711991,-0.397586494254,-2.51660303114,0.0,Rural,0
472,Male,Yes,5,Graduate,No,-0.116623739283,-0.554035609239,-0.552279399198,0.279622559015,1.0,Semiurban,1
473,Female,No,0,Graduate,Yes,-0.475272463116,-0.554035609239,-0.635575578782,0.279622559015,0.0,Urban,1
474,Male,No,2,Graduate,No,0.0210410606908,1.0343463097,0.18548676284,0.279622559015,1.0,Rural,1
475,Male,Yes,2,Graduate,Yes,1.82050496808,-0.207516834324,0.0426933121232,0.279622559015,1.0,Rural,1
476,Male,Yes,2,Graduate,No,0.212233077777,0.0439997518075,0.994649650236,-0.652452637702,1.0,Semiurban,1
477,Male,Yes,2,Graduate,No,-0.414215423413,0.0856913598347,-0.171496863952,0.279622559015,0.0,Semiurban,0
478,Male,Yes,1,Graduate,Yes,1.84374920303,0.214866997821,-0.718871758367,0.279622559015,1.0,Semiurban,1
479,Male,Yes,2,Graduate,No,-0.402102230549,-0.00623521852041,0.0,0.279622559015,1.0,Urban,0
480,Female,No,0,Not Graduate,No,-0.172442641532,-0.554035609239,0.0902911290288,0.279622559015,1.0,Rural,1
481,Male,Yes,5,Not Graduate,No,-0.377875844823,-0.554035609239,-0.397586494254,0.279622559015,1.0,Rural,1
482,Male,Yes,0,Graduate,No,-0.543531941819,0.522428040644,-0.219094680858,0.279622559015,1.0,Semiurban,1
483,Male,Yes,0,Graduate,No,0.888771268375,-0.554035609239,1.04224746714,0.279622559015,1.0,Semiurban,1
484,Male,Yes,2,Graduate,No,0.479541779748,-0.554035609239,1.18504091786,0.279622559015,1.0,Semiurban,1
485,Male,Yes,1,Not Graduate,No,-0.56399341625,0.278429613338,-0.183396318179,0.279622559015,1.0,Rural,1
486,Male,No,2,Graduate,No,-0.303887153279,-0.554035609239,-0.790268483726,0.279622559015,0.0,Rural,0
487,Male,Yes,1,Graduate,No,2.11645973426,-0.554035609239,4.20750229137,0.279622559015,1.0,Urban,0
488,Male,Yes,2,Graduate,Yes,-0.134302453192,0.157797337652,0.161687854387,0.279622559015,1.0,Semiurban,1
489,Male,No,0,Graduate,No,-0.48591242982,-0.554035609239,-0.849765754858,0.279622559015,1.0,Urban,0
490,Male,No,0,Not Graduate,No,-0.442697795821,0.397694951055,-0.599877216103,0.279622559015,0.0,Semiurban,1
491,Male,Yes,1,Not Graduate,No,-0.0115336066039,-0.167533898757,0.471073664274,0.279622559015,0.0,Urban,1
492,Male,No,0,Not Graduate,No,-0.280315534734,-0.554035609239,-0.433284856933,0.279622559015,1.0,Rural,1
493,Female,No,0,Not Graduate,Yes,1.94130951312,-0.554035609239,0.935152379104,0.279622559015,1.0,Semiurban,1
494,Male,Yes,0,Graduate,No,-0.295702563506,0.183085690062,-0.326189768896,0.279622559015,0.0,Rural,0
495,Female,Yes,1,Graduate,No,-0.340063040073,-0.242032018019,-0.492782128066,-4.00792334588,1.0,Semiurban,1
496,Male,Yes,0,Not Graduate,No,-0.458903283571,0.0269130272062,-0.468983219613,0.279622559015,1.0,Rural,1
497,Male,Yes,0,Graduate,No,-0.127427397783,0.422299834481,-0.421385402707,-5.12641358195,0.0,Urban,1
498,Male,Yes,1,Graduate,Yes,-0.410614203913,-0.554035609239,-0.61177667033,0.279622559015,1.0,Semiurban,1
499,Male,No,0,Graduate,No,0.143973599074,0.95506390755,0.744761111482,0.279622559015,0.0,Rural,0
500,Female,No,0,Graduate,No,-0.778920743677,0.704572524895,-0.397586494254,2.14377295245,1.0,Rural,1
501,Female,No,0,Graduate,No,-0.367399569914,-0.554035609239,-0.552279399198,0.279622559015,1.0,Semiurban,1
502,Male,Yes,2,Graduate,No,-0.0881413668748,1.36787917392,0.732861657255,0.279622559015,1.0,Semiurban,1
503,Male,Yes,1,Not Graduate,No,-0.221550180167,1.25784066749,-0.100100138594,0.279622559015,0.0,Rural,0
504,Male,Yes,0,Not Graduate,No,-0.260181443894,-0.0472433575636,-0.266692497764,-0.652452637702,1.0,Semiurban,1
505,Male,Yes,2,Graduate,No,-0.309943749711,0.95506390755,1.14934255518,0.279622559015,1.0,Rural,1
506,Male,Yes,0,Graduate,No,2.52568922288,1.7243082491,3.96951320684,0.279622559015,0.0,Urban,1
507,Male,No,0,Graduate,No,-0.297994248643,-0.554035609239,-0.599877216103,0.279622559015,1.0,Urban,0
508,Male,Yes,0,Graduate,Yes,-0.47870999082,0.475610415237,0.494872572727,0.279622559015,1.0,Urban,1
509,Female,No,1,Graduate,No,1.28637863952,-0.554035609239,-1.26624665278,0.279622559015,1.0,Urban,1
510,Male,No,0,Not Graduate,No,-0.295538871711,-0.114223318001,-0.552279399198,0.279622559015,1.0,Rural,0
511,Male,Yes,1,Graduate,No,0.108288787666,0.130800312782,1.23263873476,0.279622559015,1.0,Semiurban,1
512,Male,Yes,2,Graduate,No,-0.347101787278,0.141394082035,0.0188944036703,0.279622559015,1.0,Urban,1
513,Male,Yes,0,Graduate,No,-0.535838427433,1.72396651461,-0.90926302599,-2.51660303114,1.0,Semiurban,0
514,Male,No,0,Graduate,No,0.0673658388034,0.69876303853,1.95850544258,0.279622559015,1.0,Rural,0
515,Male,Yes,5,Graduate,No,-0.31714618871,0.617430229428,0.0426933121232,0.279622559015,1.0,Rural,1
516,Female,Yes,2,Graduate,No,-0.552043915182,0.00367508174836,-0.397586494254,2.14377295245,1.0,Semiurban,1
517,Male,Yes,0,Not Graduate,No,-0.381313372527,0.0610864764088,-0.27859195199,0.279622559015,0.0,Semiurban,0
518,Male,No,0,Graduate,No,-0.117933273647,0.100385942992,0.459174210048,0.279622559015,1.0,Semiurban,0
519,Female,No,0,Not Graduate,No,-0.32794984721,-0.554035609239,-0.61177667033,0.279622559015,1.0,Rural,0
520,Male,Yes,2,Not Graduate,No,-0.525689536115,0.0412658758713,-1.20674938165,0.279622559015,1.0,Semiurban,1
521,Male,No,0,Graduate,No,-0.475272463116,-0.554035609239,-1.08775483939,0.279622559015,1.0,Semiurban,1
522,Male,Yes,5,Graduate,Yes,0.0447763710312,-0.0674056925931,-0.552279399198,0.279622559015,1.0,Rural,1
523,Male,Yes,2,Graduate,Yes,0.4165204385,1.89483376062,3.96951320684,0.279622559015,1.0,Rural,1
524,Male,No,0,Graduate,No,-0.118424349033,0.15916427562,0.0,0.279622559015,1.0,Semiurban,0
525,Male,Yes,2,Graduate,Yes,1.98010446864,-0.554035609239,3.01755686873,0.279622559015,1.0,Rural,1
526,Male,Yes,0,Graduate,No,-0.266565423916,-0.554035609239,-0.433284856933,0.279622559015,1.0,Semiurban,1
527,Male,Yes,1,Not Graduate,No,-0.0193908127855,-0.065355285641,0.173587308614,0.279622559015,0.0,Semiurban,1
528,Male,No,1,Not Graduate,No,-0.44597163173,-0.10909730062,-0.623676124556,0.279622559015,1.0,Semiurban,1
529,Male,No,0,Not Graduate,No,0.2258194968,-0.554035609239,-0.195295772405,0.279622559015,1.0,Semiurban,1
530,Male,Yes,0,Graduate,No,-0.716717861406,1.32550409691,0.828057291067,0.279622559015,0.0,Rural,1
531,Male,Yes,5,Graduate,No,-0.183737375418,-0.554035609239,-0.552279399198,0.279622559015,1.0,Urban,1
532,Male,No,2,Graduate,No,-0.297175789665,-0.554035609239,-0.433284856933,0.279622559015,0.0,Rural,0
533,Male,No,1,Graduate,No,0.957030747078,-0.554035609239,0.590068206538,0.279622559015,0.0,Semiurban,0
534,Female,No,0,Not Graduate,Yes,2.08895951262,-0.554035609239,-0.254793043537,0.279622559015,1.0,Urban,1
535,Male,No,0,Not Graduate,No,-0.467087873343,0.143786223479,-0.242893589311,0.279622559015,1.0,Rural,1
536,Male,Yes,0,Graduate,No,0.119419829757,0.780779316616,2.11319834752,0.279622559015,1.0,Urban,1
537,Male,No,2,Graduate,No,-0.292428727597,-0.554035609239,-0.468983219613,0.279622559015,1.0,Semiurban,1
538,Male,Yes,0,Not Graduate,No,-0.407012984413,-0.370865921513,-0.956860842896,0.279622559015,1.0,Rural,0
539,Male,Yes,5,Graduate,No,0.165908299665,-0.554035609239,0.125989491708,-2.51660303114,1.0,Rural,1
540,Female,Yes,1,Graduate,No,-0.130210158306,0.418199020576,-0.076301230141,-2.51660303114,1.0,Semiurban,1
541,Female,No,0,Graduate,No,-0.534528893069,-0.554035609239,-0.564178853424,0.279622559015,0.0,Semiurban,0
542,Female,No,1,Graduate,No,-0.286699514757,-0.554035609239,-0.61177667033,0.279622559015,1.0,Semiurban,1
543,Male,Yes,1,Not Graduate,No,-0.517996021728,0.308502248636,-0.219094680858,0.279622559015,1.0,Urban,1
544,Female,Yes,0,Not Graduate,No,-0.390643804868,-0.327465641025,-0.528480490745,0.279622559015,0.0,Semiurban,1
545,Male,Yes,0,Graduate,No,-0.431403061935,0.112346650213,0.102190583255,0.279622559015,1.0,Rural,1
546,Male,No,0,Not Graduate,No,-0.334824902619,-0.554035609239,-0.790268483726,-4.75358350326,1.0,Semiurban,0
547,Male,No,0,Graduate,No,-0.471016476434,0.0552769900443,-0.0168039590089,0.279622559015,1.0,Rural,1
548,Female,No,0,Graduate,No,-0.066042974489,-0.554035609239,-0.516581036518,0.279622559015,0.0,Semiurban,0
549,Male,Yes,0,Graduate,No,-0.428620301412,0.134901126687,-0.433284856933,0.279622559015,1.0,Rural,1
550,Male,Yes,2,Graduate,Yes,0.201265727482,-0.554035609239,0.0,0.279622559015,0.0,Rural,0
551,Male,Yes,1,Not Graduate,No,-0.476581997479,0.257583809324,0.0,0.279622559015,1.0,Rural,1
552,Male,Yes,1,Graduate,No,-0.338917197505,0.556601489847,0.137888945934,0.279622559015,1.0,Urban,1
553,Male,Yes,0,Not Graduate,No,-0.482802285707,0.243230960659,0.411576393142,0.279622559015,0.0,Urban,0
554,Male,Yes,0,Graduate,No,-0.296357330688,0.903803733746,-0.171496863952,-2.51660303114,0.0,Rural,0
555,Male,Yes,1,Graduate,No,0.010564785782,-0.201365613468,-1.43283901195,0.279622559015,1.0,Semiurban,1
556,Female,No,0,Graduate,No,-0.447935933276,0.00128294030417,-0.74267066682,0.279622559015,0.0,Urban,1
557,Male,Yes,5,Graduate,Yes,0.775169162332,-0.554035609239,1.35163327703,0.279622559015,1.0,Semiurban,1
558,Male,Yes,0,Graduate,No,-0.248231942826,0.35805374998,0.18548676284,0.279622559015,1.0,Semiurban,1
559,Female,Yes,0,Graduate,No,-0.200270246759,0.234004129374,0.423475847368,0.279622559015,1.0,Semiurban,1
560,Male,Yes,2,Not Graduate,No,-0.282934603461,-0.471335862168,-0.457083765386,0.279622559015,1.0,Semiurban,1
561,Female,Yes,1,Graduate,Yes,2.30486899082,-0.554035609239,5.39744771401,0.279622559015,1.0,Semiurban,1
562,Male,Yes,0,Graduate,No,0.085044552712,0.147887037384,0.768560019934,0.279622559015,1.0,Rural,1
563,Male,No,0,Not Graduate,Yes,0.0649104618716,-0.554035609239,-0.171496863952,0.279622559015,1.0,Semiurban,1
564,Male,Yes,2,Graduate,No,0.555822156428,-0.554035609239,1.32783436858,0.279622559015,0.0,Urban,0
565,Male,Yes,0,Not Graduate,No,-0.153290701464,-0.554035609239,-0.314290314669,0.279622559015,0.0,Rural,1
566,Male,No,0,Graduate,No,-0.338917197505,-0.554035609239,-0.90926302599,0.279622559015,1.0,Urban,1
567,Male,Yes,5,Graduate,No,-0.32794984721,0.300300620827,-0.27859195199,0.279622559015,0.0,Rural,0
568,Female,No,0,Graduate,No,-0.495242862161,-0.554035609239,-1.6351297338,0.279622559015,1.0,Urban,0
569,Male,Yes,0,Graduate,No,-0.366253727346,0.151304382304,-0.504681582292,0.279622559015,0.0,Urban,0
570,Male,Yes,1,Graduate,No,-0.325167086687,0.0439997518075,0.471073664274,0.279622559015,1.0,Urban,1
571,Male,Yes,0,Graduate,No,-0.0470547262167,-0.0581788613084,0.221185125519,0.279622559015,0.0,Urban,0
572,Male,Yes,2,Graduate,No,1.84358551124,-0.554035609239,1.53012509042,0.279622559015,1.0,Urban,1
573,Male,Yes,2,Not Graduate,No,0.118110295393,0.00128294030417,0.4829731185,2.14377295245,1.0,Semiurban,0
574,Male,Yes,5,Graduate,No,0.164107689915,-0.554035609239,0.0426933121232,0.279622559015,1.0,Semiurban,0
575,Male,Yes,2,Graduate,No,-0.367399569914,-0.396496008415,-0.457083765386,-4.00792334588,1.0,Urban,1
576,Male,Yes,0,Graduate,No,-0.379185379186,0.20119761814,-0.123899047047,0.279622559015,0.0,Semiurban,0
577,Male,No,0,Graduate,No,-0.355941144232,0.381975164422,-0.433284856933,0.279622559015,1.0,Urban,1
578,Male,Yes,1,Graduate,No,-0.592803172249,0.208715776964,-0.468983219613,0.279622559015,1.0,Rural,1
579,Male,No,0,Graduate,No,-0.363634658618,0.442803904002,0.173587308614,0.279622559015,1.0,Urban,1
580,Male,Yes,2,Graduate,No,0.186042390505,-0.554035609239,0.697163294576,0.279622559015,1.0,Semiurban,1
581,Male,No,0,Graduate,No,-0.583963815295,11.0092343975,-0.671273941462,0.279622559015,1.0,Urban,0
582,Female,Yes,0,Graduate,No,-0.366253727346,-0.554035609239,-1.31384446969,0.279622559015,1.0,Semiurban,1
583,Male,Yes,1,Graduate,No,-0.576761376295,-0.554035609239,-1.01635811403,0.279622559015,0.0,Rural,0
584,Male,Yes,1,Graduate,No,-0.428292917821,0.101069411976,-0.00490450478251,0.279622559015,0.0,Rural,0
585,Male,Yes,1,Graduate,No,-0.183409991827,0.471167866841,0.304481305104,-4.00792334588,1.0,Rural,0
586,Male,Yes,0,Graduate,No,-0.508501897592,-0.0339157123745,-0.504681582292,0.279622559015,1.0,Urban,1
587,Female,No,0,Not Graduate,No,-0.530109214592,-0.554035609239,-0.90926302599,0.279622559015,1.0,Semiurban,1
588,Male,No,0,Graduate,No,-0.106965923352,-0.554035609239,-0.623676124556,0.279622559015,1.0,Semiurban,1
589,Male,Yes,2,Graduate,Yes,-0.438278117344,-0.554035609239,-0.480882673839,0.279622559015,0.0,Semiurban,0
590,Male,Yes,0,Graduate,No,-0.39342656539,0.613329415524,-1.07585538516,-2.51660303114,1.0,Semiurban,1
591,Male,Yes,2,Graduate,Yes,0.0976488209617,-0.554035609239,0.697163294576,-1.58452783442,1.0,Semiurban,0
592,Male,No,5,Graduate,Yes,0.64716217829,-0.554035609239,1.73241581227,0.279622559015,1.0,Semiurban,1
593,Male,Yes,0,Graduate,No,-0.252815313098,0.573688214448,-0.0525023216882,-2.51660303114,1.0,Rural,1
594,Male,Yes,0,Graduate,Yes,1.75420979092,-0.554035609239,1.35163327703,0.279622559015,1.0,Urban,1
595,Male,No,0,Not Graduate,No,-0.25707129978,-0.554035609239,-0.433284856933,0.279622559015,1.0,Rural,1
596,Male,Yes,2,Not Graduate,Yes,0.160342778619,-0.212301117212,0.4829731185,0.279622559015,1.0,Rural,0
597,Male,No,0,Graduate,No,-0.395554558731,-0.554035609239,-0.695072849915,0.279622559015,0.0,Semiurban,0
598,Male,Yes,0,Graduate,Yes,0.746359406333,-0.554035609239,0.399676938916,0.279622559015,1.0,Rural,1
599,Male,Yes,2,Graduate,No,0.0616366259626,-0.554035609239,0.542470389633,0.279622559015,1.0,Urban,1
600,Female,No,5,Graduate,No,-0.816406164835,13.68501547,2.42258415741,-2.51660303114,0.0,Urban,0
601,Male,Yes,0,Not Graduate,No,-0.410777895708,0.400087092499,0.102190583255,0.279622559015,1.0,Rural,1
602,Male,Yes,5,Graduate,No,0.0490323577129,-0.554035609239,-0.219094680858,0.279622559015,1.0,Urban,1
603,Male,No,0,Graduate,No,-0.282770911666,0.915764440967,0.304481305104,0.279622559015,1.0,Rural,1
604,Female,Yes,1,Graduate,No,1.07979959367,-0.554035609239,4.15990447446,0.279622559015,1.0,Semiurban,1
605,Male,Yes,0,Not Graduate,No,-0.491641642661,0.744555460462,0.0,-2.51660303114,1.0,Urban,0
606,Male,Yes,1,Graduate,No,-0.32794984721,0.300300620827,0.316380759331,0.279622559015,1.0,Semiurban,1
607,Male,Yes,2,Not Graduate,No,-0.231862763281,-0.0718482409895,0.125989491708,0.279622559015,1.0,Rural,1
608,Male,Yes,0,Graduate,No,-0.355450068846,0.112346650213,-0.457083765386,0.279622559015,1.0,Rural,1
609,Female,No,0,Graduate,No,-0.409795744935,-0.554035609239,-0.897363571764,0.279622559015,1.0,Rural,1
610,Male,Yes,5,Graduate,No,-0.212383439622,-0.554035609239,-1.26624665278,-2.51660303114,1.0,Rural,1
611,Male,Yes,1,Graduate,No,0.436818221136,-0.472019331152,1.26833709744,0.279622559015,1.0,Urban,1
612,Male,Yes,2,Graduate,No,0.35677293316,-0.554035609239,0.4829731185,0.279622559015,1.0,Urban,1
613,Female,No,0,Graduate,Yes,-0.134302453192,-0.554035609239,-0.159597409726,0.279622559015,0.0,Semiurban,0
